,IMDB_Rating,Meta_score,Runtime_mins,No_of_Votes,Gross_numeric,Released_Year
IMDB_Rating,1.0,0.0032335220848913808,-0.0035284668935025363,0.029572236484721588,0.004477890648043819,-0.021801336580720265
Meta_score,0.0032335220848913808,1.0,-0.012000197998582022,0.027023025604650742,0.027812195870777805,0.006010859732160678
Runtime_mins,-0.0035284668935025363,-0.012000197998582022,1.0,-0.03700727190947593,-0.031866029294285995,0.003438882862901068
No_of_Votes,0.029572236484721588,0.027023025604650742,-0.03700727190947593,1.0,-0.028890189003267862,-0.03671517960059433
Gross_numeric,0.004477890648043819,0.027812195870777805,-0.031866029294285995,-0.028890189003267862,1.0,0.0296568375010612
Released_Year,-0.021801336580720265,0.006010859732160678,0.003438882862901068,-0.03671517960059433,0.0296568375010612,1.0
